{"mean":{"confidence_interval":{"confidence_level":0.95,"lower_bound":5229061.545,"upper_bound":5299719.7},"point_estimate":5263611.3,"standard_error":18019.03130496255},"median":{"confidence_interval":{"confidence_level":0.95,"lower_bound":5159415.0,"upper_bound":5261150.0},"point_estimate":5197180.0,"standard_error":27849.490248699385},"median_abs_dev":{"confidence_interval":{"confidence_level":0.95,"lower_bound":99000.61324238777,"upper_bound":206919.4359764456},"point_estimate":159068.1511759758,"standard_error":29310.17972697902},"slope":null,"std_dev":{"confidence_interval":{"confidence_level":0.95,"lower_bound":154079.28860692523,"upper_bound":204253.87150457175},"point_estimate":181347.69125228844,"standard_error":12786.883496135697}}