{"mean":{"confidence_interval":{"confidence_level":0.95,"lower_bound":10646978.0,"upper_bound":10747403.4},"point_estimate":10695001.0,"standard_error":25740.57797554464},"median":{"confidence_interval":{"confidence_level":0.95,"lower_bound":10591740.0,"upper_bound":10677040.0},"point_estimate":10622700.0,"standard_error":21999.848805305897},"median_abs_dev":{"confidence_interval":{"confidence_level":0.95,"lower_bound":115731.75394535065,"upper_bound":201722.5524187088},"point_estimate":158549.2411851883,"standard_error":22177.61624360655},"slope":null,"std_dev":{"confidence_interval":{"confidence_level":0.95,"lower_bound":195701.66814009147,"upper_bound":313393.40621369536},"point_estimate":258954.44794813087,"standard_error":30054.808393778596}}