group,function,value,throughput_num,throughput_type,sample_measured_value,unit,iteration_count
multiply simd,,,,,55807400.0,ns,5
multiply simd,,,,,53447500.0,ns,5
multiply simd,,,,,54793500.0,ns,5
multiply simd,,,,,53959400.0,ns,5
multiply simd,,,,,53536400.0,ns,5
multiply simd,,,,,57528200.0,ns,5
multiply simd,,,,,53007900.0,ns,5
multiply simd,,,,,52948800.0,ns,5
multiply simd,,,,,53957600.0,ns,5
multiply simd,,,,,52965000.0,ns,5
multiply simd,,,,,53403500.0,ns,5
multiply simd,,,,,53759900.0,ns,5
multiply simd,,,,,53273200.0,ns,5
multiply simd,,,,,52188400.0,ns,5
multiply simd,,,,,53636400.0,ns,5
multiply simd,,,,,53092000.0,ns,5
multiply simd,,,,,53385200.0,ns,5
multiply simd,,,,,52943400.0,ns,5
multiply simd,,,,,52914600.0,ns,5
multiply simd,,,,,54605000.0,ns,5
multiply simd,,,,,54354800.0,ns,5
multiply simd,,,,,54927000.0,ns,5
multiply simd,,,,,53983400.0,ns,5
multiply simd,,,,,53914300.0,ns,5
multiply simd,,,,,58073300.0,ns,5
multiply simd,,,,,53156100.0,ns,5
multiply simd,,,,,52807000.0,ns,5
multiply simd,,,,,52808100.0,ns,5
multiply simd,,,,,52483300.0,ns,5
multiply simd,,,,,52833400.0,ns,5
multiply simd,,,,,52877600.0,ns,5
multiply simd,,,,,52463000.0,ns,5
multiply simd,,,,,53443600.0,ns,5
multiply simd,,,,,52763100.0,ns,5
multiply simd,,,,,53135000.0,ns,5
multiply simd,,,,,52861800.0,ns,5
multiply simd,,,,,52984800.0,ns,5
multiply simd,,,,,52526200.0,ns,5
multiply simd,,,,,52744400.0,ns,5
multiply simd,,,,,53561200.0,ns,5
multiply simd,,,,,53218800.0,ns,5
multiply simd,,,,,52958700.0,ns,5
multiply simd,,,,,57374200.0,ns,5
multiply simd,,,,,54365700.0,ns,5
multiply simd,,,,,53884800.0,ns,5
multiply simd,,,,,53155700.0,ns,5
multiply simd,,,,,53510400.0,ns,5
multiply simd,,,,,53794200.0,ns,5
multiply simd,,,,,53240300.0,ns,5
multiply simd,,,,,53264500.0,ns,5
multiply simd,,,,,53706800.0,ns,5
multiply simd,,,,,52606900.0,ns,5
multiply simd,,,,,55331500.0,ns,5
multiply simd,,,,,54783200.0,ns,5
multiply simd,,,,,53330100.0,ns,5
multiply simd,,,,,52034600.0,ns,5
multiply simd,,,,,52349500.0,ns,5
multiply simd,,,,,51920200.0,ns,5
multiply simd,,,,,52311000.0,ns,5
multiply simd,,,,,55323700.0,ns,5
multiply simd,,,,,52785200.0,ns,5
multiply simd,,,,,57336500.0,ns,5
multiply simd,,,,,53037900.0,ns,5
multiply simd,,,,,52512700.0,ns,5
multiply simd,,,,,52510300.0,ns,5
multiply simd,,,,,53041900.0,ns,5
multiply simd,,,,,52194100.0,ns,5
multiply simd,,,,,53660000.0,ns,5
multiply simd,,,,,52240900.0,ns,5
multiply simd,,,,,52725300.0,ns,5
multiply simd,,,,,52783700.0,ns,5
multiply simd,,,,,53297400.0,ns,5
multiply simd,,,,,53016000.0,ns,5
multiply simd,,,,,52446400.0,ns,5
multiply simd,,,,,52259700.0,ns,5
multiply simd,,,,,52626000.0,ns,5
multiply simd,,,,,53501300.0,ns,5
multiply simd,,,,,52218700.0,ns,5
multiply simd,,,,,52369000.0,ns,5
multiply simd,,,,,55707800.0,ns,5
multiply simd,,,,,55276300.0,ns,5
multiply simd,,,,,54809100.0,ns,5
multiply simd,,,,,53739900.0,ns,5
multiply simd,,,,,52953500.0,ns,5
multiply simd,,,,,53070900.0,ns,5
multiply simd,,,,,52871500.0,ns,5
multiply simd,,,,,52846200.0,ns,5
multiply simd,,,,,53492000.0,ns,5
multiply simd,,,,,53849700.0,ns,5
multiply simd,,,,,51177900.0,ns,5
multiply simd,,,,,51815300.0,ns,5
multiply simd,,,,,52685200.0,ns,5
multiply simd,,,,,52443000.0,ns,5
multiply simd,,,,,53942800.0,ns,5
multiply simd,,,,,52146000.0,ns,5
multiply simd,,,,,53504800.0,ns,5
multiply simd,,,,,53053300.0,ns,5
multiply simd,,,,,52686000.0,ns,5
multiply simd,,,,,54644900.0,ns,5
multiply simd,,,,,57901900.0,ns,5
