{"mean":{"confidence_interval":{"confidence_level":0.95,"lower_bound":957240.1791600084,"upper_bound":972139.5060836668},"point_estimate":964414.2987443138,"standard_error":3812.2567079532337},"median":{"confidence_interval":{"confidence_level":0.95,"lower_bound":951690.625,"upper_bound":965639.8248864452},"point_estimate":957967.9236710586,"standard_error":4024.994103620401},"median_abs_dev":{"confidence_interval":{"confidence_level":0.95,"lower_bound":22368.595877802327,"upper_bound":40995.35804841072},"point_estimate":33013.64088603929,"standard_error":4921.375755566266},"slope":{"confidence_interval":{"confidence_level":0.95,"lower_bound":969181.7607220998,"upper_bound":992946.327358123},"point_estimate":980765.6091325551,"standard_error":6072.4334480306825},"std_dev":{"confidence_interval":{"confidence_level":0.95,"lower_bound":30419.26894211195,"upper_bound":44965.368187047636},"point_estimate":38121.82025070421,"standard_error":3710.5074740644786}}