group,function,value,throughput_num,throughput_type,sample_measured_value,unit,iteration_count
multiply simd,,,,,1789100.0,ns,2
multiply simd,,,,,3888600.0,ns,4
multiply simd,,,,,6432000.0,ns,6
multiply simd,,,,,7604600.0,ns,8
multiply simd,,,,,9859900.0,ns,10
multiply simd,,,,,11336700.0,ns,12
multiply simd,,,,,13347200.0,ns,14
multiply simd,,,,,15155000.0,ns,16
multiply simd,,,,,17091700.0,ns,18
multiply simd,,,,,19475800.0,ns,20
multiply simd,,,,,20991200.0,ns,22
multiply simd,,,,,22672000.0,ns,24
multiply simd,,,,,24332600.0,ns,26
multiply simd,,,,,27025400.0,ns,28
multiply simd,,,,,28888800.0,ns,30
multiply simd,,,,,30454100.0,ns,32
multiply simd,,,,,33562800.0,ns,34
multiply simd,,,,,35245300.0,ns,36
multiply simd,,,,,35275900.0,ns,38
multiply simd,,,,,37849200.0,ns,40
multiply simd,,,,,40088200.0,ns,42
multiply simd,,,,,41778000.0,ns,44
multiply simd,,,,,43596500.0,ns,46
multiply simd,,,,,44309000.0,ns,48
multiply simd,,,,,45505300.0,ns,50
multiply simd,,,,,47457800.0,ns,52
multiply simd,,,,,52432200.0,ns,54
multiply simd,,,,,51078600.0,ns,56
multiply simd,,,,,53864600.0,ns,58
multiply simd,,,,,59607200.0,ns,60
multiply simd,,,,,59468300.0,ns,62
multiply simd,,,,,62520500.0,ns,64
multiply simd,,,,,62983600.0,ns,66
multiply simd,,,,,65499200.0,ns,68
multiply simd,,,,,67511900.0,ns,70
multiply simd,,,,,65735500.0,ns,72
multiply simd,,,,,68453300.0,ns,74
multiply simd,,,,,69735500.0,ns,76
multiply simd,,,,,71627900.0,ns,78
multiply simd,,,,,73125100.0,ns,80
multiply simd,,,,,75786100.0,ns,82
multiply simd,,,,,78067900.0,ns,84
multiply simd,,,,,78600000.0,ns,86
multiply simd,,,,,84634600.0,ns,88
multiply simd,,,,,87244600.0,ns,90
multiply simd,,,,,90821200.0,ns,92
multiply simd,,,,,88279000.0,ns,94
multiply simd,,,,,89084200.0,ns,96
multiply simd,,,,,94155600.0,ns,98
multiply simd,,,,,98163600.0,ns,100
multiply simd,,,,,98002500.0,ns,102
multiply simd,,,,,98847800.0,ns,104
multiply simd,,,,,98520300.0,ns,106
multiply simd,,,,,103194600.0,ns,108
multiply simd,,,,,106926800.0,ns,110
multiply simd,,,,,106164300.0,ns,112
multiply simd,,,,,108447000.0,ns,114
multiply simd,,,,,110226700.0,ns,116
multiply simd,,,,,109988000.0,ns,118
multiply simd,,,,,113006200.0,ns,120
multiply simd,,,,,115402800.0,ns,122
multiply simd,,,,,116711800.0,ns,124
multiply simd,,,,,125125000.0,ns,126
multiply simd,,,,,127642700.0,ns,128
multiply simd,,,,,125916700.0,ns,130
multiply simd,,,,,124017400.0,ns,132
multiply simd,,,,,129611400.0,ns,134
multiply simd,,,,,130546800.0,ns,136
multiply simd,,,,,131437600.0,ns,138
multiply simd,,,,,130487400.0,ns,140
multiply simd,,,,,135861300.0,ns,142
multiply simd,,,,,141233400.0,ns,144
multiply simd,,,,,145113900.0,ns,146
multiply simd,,,,,153346900.0,ns,148
multiply simd,,,,,159056700.0,ns,150
multiply simd,,,,,151858500.0,ns,152
multiply simd,,,,,153945300.0,ns,154
multiply simd,,,,,159230700.0,ns,156
multiply simd,,,,,155135400.0,ns,158
multiply simd,,,,,160811900.0,ns,160
multiply simd,,,,,151912900.0,ns,162
multiply simd,,,,,151869500.0,ns,164
multiply simd,,,,,152397800.0,ns,166
multiply simd,,,,,160148500.0,ns,168
multiply simd,,,,,167970800.0,ns,170
multiply simd,,,,,170638200.0,ns,172
multiply simd,,,,,170590300.0,ns,174
multiply simd,,,,,180448400.0,ns,176
multiply simd,,,,,171782000.0,ns,178
multiply simd,,,,,184605100.0,ns,180
multiply simd,,,,,179283400.0,ns,182
multiply simd,,,,,182597800.0,ns,184
multiply simd,,,,,195741200.0,ns,186
multiply simd,,,,,181647900.0,ns,188
multiply simd,,,,,208176600.0,ns,190
multiply simd,,,,,208896700.0,ns,192
multiply simd,,,,,195799200.0,ns,194
multiply simd,,,,,186733900.0,ns,196
multiply simd,,,,,196251900.0,ns,198
multiply simd,,,,,194118100.0,ns,200
