{"mean":{"confidence_interval":{"confidence_level":0.95,"lower_bound":974724.9610508218,"upper_bound":987198.7642602312},"point_estimate":980692.8609031714,"standard_error":3207.924432512896},"median":{"confidence_interval":{"confidence_level":0.95,"lower_bound":974150.5882352941,"upper_bound":979291.304347826},"point_estimate":976098.8636363636,"standard_error":1164.4065000167295},"median_abs_dev":{"confidence_interval":{"confidence_level":0.95,"lower_bound":8799.42255929624,"upper_bound":19725.318740714618},"point_estimate":13814.787129738488,"standard_error":2651.9170699195397},"slope":{"confidence_interval":{"confidence_level":0.95,"lower_bound":973436.9382236893,"upper_bound":979461.2345502691},"point_estimate":976426.0041377272,"standard_error":1536.6921452067313},"std_dev":{"confidence_interval":{"confidence_level":0.95,"lower_bound":22095.21551763133,"upper_bound":41672.85323637436},"point_estimate":32524.73441147922,"standard_error":4985.82154677178}}