{"mean":{"confidence_interval":{"confidence_level":0.95,"lower_bound":1093711.2662832604,"upper_bound":1111552.5970529323},"point_estimate":1101928.6663301568,"standard_error":4569.935585471548},"median":{"confidence_interval":{"confidence_level":0.95,"lower_bound":1086736.98630137,"upper_bound":1094894.658944659},"point_estimate":1091961.1430921052,"standard_error":2261.8915590026854},"median_abs_dev":{"confidence_interval":{"confidence_level":0.95,"lower_bound":13141.231623839265,"upper_bound":24120.7983843887},"point_estimate":19334.513289714356,"standard_error":2840.0778804886636},"slope":{"confidence_interval":{"confidence_level":0.95,"lower_bound":1089966.934821611,"upper_bound":1100642.969507979},"point_estimate":1095123.6385399734,"standard_error":2741.4317917984927},"std_dev":{"confidence_interval":{"confidence_level":0.95,"lower_bound":27614.44237783767,"upper_bound":61893.64567318565},"point_estimate":45849.5420442689,"standard_error":8836.30561463563}}