{"mean":{"confidence_interval":{"confidence_level":0.95,"lower_bound":1093502.7661727695,"upper_bound":1112104.9151780412},"point_estimate":1102119.9431113028,"standard_error":4744.366219397164},"median":{"confidence_interval":{"confidence_level":0.95,"lower_bound":1085012.6835443038,"upper_bound":1094929.375},"point_estimate":1089832.8703703703,"standard_error":2439.3590092621544},"median_abs_dev":{"confidence_interval":{"confidence_level":0.95,"lower_bound":15473.582852629756,"upper_bound":27543.618761003134},"point_estimate":19715.270255543976,"standard_error":3150.735319820159},"slope":{"confidence_interval":{"confidence_level":0.95,"lower_bound":1090230.9378740862,"upper_bound":1105798.197882923},"point_estimate":1097558.0221663958,"standard_error":3978.3474114220494},"std_dev":{"confidence_interval":{"confidence_level":0.95,"lower_bound":29545.758622159778,"upper_bound":65115.93584420564},"point_estimate":47714.92153193262,"standard_error":9272.241209546612}}