group,function,value,throughput_num,throughput_type,sample_measured_value,unit,iteration_count
multiply seq,,,,,1286200.0,ns,1
multiply seq,,,,,2720000.0,ns,2
multiply seq,,,,,3698700.0,ns,3
multiply seq,,,,,4314600.0,ns,4
multiply seq,,,,,5610000.0,ns,5
multiply seq,,,,,6884900.0,ns,6
multiply seq,,,,,8097300.0,ns,7
multiply seq,,,,,8868700.0,ns,8
multiply seq,,,,,9997600.0,ns,9
multiply seq,,,,,10440800.0,ns,10
multiply seq,,,,,11774400.0,ns,11
multiply seq,,,,,13017300.0,ns,12
multiply seq,,,,,13610200.0,ns,13
multiply seq,,,,,14886100.0,ns,14
multiply seq,,,,,16460800.0,ns,15
multiply seq,,,,,20327000.0,ns,16
multiply seq,,,,,19395500.0,ns,17
multiply seq,,,,,19307700.0,ns,18
multiply seq,,,,,20581300.0,ns,19
multiply seq,,,,,21095100.0,ns,20
multiply seq,,,,,23252700.0,ns,21
multiply seq,,,,,24380900.0,ns,22
multiply seq,,,,,26891400.0,ns,23
multiply seq,,,,,26652900.0,ns,24
multiply seq,,,,,26788500.0,ns,25
multiply seq,,,,,28051600.0,ns,26
multiply seq,,,,,29354100.0,ns,27
multiply seq,,,,,30749600.0,ns,28
multiply seq,,,,,31505100.0,ns,29
multiply seq,,,,,32775900.0,ns,30
multiply seq,,,,,33586600.0,ns,31
multiply seq,,,,,34952700.0,ns,32
multiply seq,,,,,36263900.0,ns,33
multiply seq,,,,,38854700.0,ns,34
multiply seq,,,,,38051700.0,ns,35
multiply seq,,,,,38800000.0,ns,36
multiply seq,,,,,40491700.0,ns,37
multiply seq,,,,,41491800.0,ns,38
multiply seq,,,,,42533600.0,ns,39
multiply seq,,,,,43681700.0,ns,40
multiply seq,,,,,45021100.0,ns,41
multiply seq,,,,,46007600.0,ns,42
multiply seq,,,,,46498300.0,ns,43
multiply seq,,,,,48293300.0,ns,44
multiply seq,,,,,48862000.0,ns,45
multiply seq,,,,,52252600.0,ns,46
multiply seq,,,,,48732200.0,ns,47
multiply seq,,,,,50312900.0,ns,48
multiply seq,,,,,53740800.0,ns,49
multiply seq,,,,,53763000.0,ns,50
multiply seq,,,,,54481300.0,ns,51
multiply seq,,,,,56104500.0,ns,52
multiply seq,,,,,57133500.0,ns,53
multiply seq,,,,,59884300.0,ns,54
multiply seq,,,,,60416500.0,ns,55
multiply seq,,,,,60442700.0,ns,56
multiply seq,,,,,61594100.0,ns,57
multiply seq,,,,,65339800.0,ns,58
multiply seq,,,,,63878900.0,ns,59
multiply seq,,,,,65255900.0,ns,60
multiply seq,,,,,67536200.0,ns,61
multiply seq,,,,,67755300.0,ns,62
multiply seq,,,,,71364100.0,ns,63
multiply seq,,,,,69890100.0,ns,64
multiply seq,,,,,73761500.0,ns,65
multiply seq,,,,,72569700.0,ns,66
multiply seq,,,,,73916500.0,ns,67
multiply seq,,,,,73118700.0,ns,68
multiply seq,,,,,76207800.0,ns,69
multiply seq,,,,,76386000.0,ns,70
multiply seq,,,,,77128900.0,ns,71
multiply seq,,,,,77735600.0,ns,72
multiply seq,,,,,79331800.0,ns,73
multiply seq,,,,,80109700.0,ns,74
multiply seq,,,,,80521900.0,ns,75
multiply seq,,,,,86854500.0,ns,76
multiply seq,,,,,82444900.0,ns,77
multiply seq,,,,,84395300.0,ns,78
multiply seq,,,,,85118500.0,ns,79
multiply seq,,,,,88210600.0,ns,80
multiply seq,,,,,87658500.0,ns,81
multiply seq,,,,,89702800.0,ns,82
multiply seq,,,,,88858800.0,ns,83
multiply seq,,,,,91425900.0,ns,84
multiply seq,,,,,93064100.0,ns,85
multiply seq,,,,,92873800.0,ns,86
multiply seq,,,,,100264500.0,ns,87
multiply seq,,,,,94529000.0,ns,88
multiply seq,,,,,98898100.0,ns,89
multiply seq,,,,,100190200.0,ns,90
multiply seq,,,,,98847000.0,ns,91
multiply seq,,,,,100494500.0,ns,92
multiply seq,,,,,103616900.0,ns,93
multiply seq,,,,,101944100.0,ns,94
multiply seq,,,,,103315900.0,ns,95
multiply seq,,,,,104634700.0,ns,96
multiply seq,,,,,109922500.0,ns,97
multiply seq,,,,,105724300.0,ns,98
multiply seq,,,,,108371100.0,ns,99
multiply seq,,,,,111844400.0,ns,100
