{"mean":{"confidence_interval":{"confidence_level":0.95,"lower_bound":3511589.571428569,"upper_bound":3568709.4999999995},"point_estimate":3539469.142857141,"standard_error":14555.484785334216},"median":{"confidence_interval":{"confidence_level":0.95,"lower_bound":3495871.4285714286,"upper_bound":3540457.1428571427},"point_estimate":3523510.7142857146,"standard_error":11907.232687174066},"median_abs_dev":{"confidence_interval":{"confidence_level":0.95,"lower_bound":88235.87843350031,"upper_bound":151129.8873169082},"point_estimate":124241.8777942661,"standard_error":16320.12281114271},"slope":null,"std_dev":{"confidence_interval":{"confidence_level":0.95,"lower_bound":116091.42688069974,"upper_bound":175416.97142086245},"point_estimate":147794.1242022551,"standard_error":15258.530900581945}}